{"N": 2000, "est_p_crit": 0.0005720017199235069, "maxChi": 23.60436703408311, "p_list": [0.0, 5.017558946697429e-06, 1.0035117893394858e-05, 1.5052676840092288e-05, 2.0070235786789716e-05, 2.5087794733487145e-05, 3.0105353680184576e-05, 3.5122912626882005e-05, 4.014047157357943e-05, 4.515803052027686e-05, 5.017558946697429e-05, 5.519314841367172e-05, 6.021070736036915e-05, 6.522826630706657e-05, 7.024582525376401e-05, 7.526338420046143e-05, 8.028094314715887e-05, 8.52985020938563e-05, 9.031606104055372e-05, 9.533361998725116e-05, 0.00010035117893394858, 0.00010536873788064601, 0.00011038629682734344, 0.00011540385577404087, 0.0001204214147207383, 0.00012543897366743573, 0.00013045653261413315, 0.0001354740915608306, 0.00014049165050752802, 0.00014550920945422544, 0.00015052676840092286, 0.0001555443273476203, 0.00016056188629431773, 0.00016557944524101515, 0.0001705970041877126, 0.00017561456313441002, 0.00018063212208110744, 0.00018564968102780487, 0.00019066723997450232, 0.00019568479892119974, 0.00020070235786789716, 0.0002057199168145946, 0.00021073747576129203, 0.00021575503470798945, 0.00022077259365468687, 0.00022579015260138432, 0.00023080771154808174, 0.00023582527049477916, 0.0002408428294414766, 0.00024586038838817403, 0.00025087794733487145, 0.0002558955062815689, 0.0002609130652282663, 0.0002659306241749637, 0.0002709481831216612, 0.0002759657420683586, 0.00028098330101505604, 0.00028600085996175346, 0.0002910184189084509, 0.0002960359778551483, 0.0003010535368018457, 0.0003060710957485432, 0.0003110886546952406, 0.00031610621364193804, 0.00032112377258863546, 0.0003261413315353329, 0.0003311588904820303, 0.00033617644942872773, 0.0003411940083754252, 0.0003462115673221226, 0.00035122912626882005, 0.00035624668521551747, 0.0003612642441622149, 0.0003662818031089123, 0.00037129936205560973, 0.0003763169210023072, 0.00038133447994900463, 0.00038635203889570205, 0.0003913695978423995, 0.0003963871567890969, 0.0004014047157357943, 0.00040642227468249174, 0.0004114398336291892, 0.00041645739257588663, 0.00042147495152258406, 0.0004264925104692815, 0.0004315100694159789, 0.0004365276283626763, 0.00044154518730937374, 0.0004465627462560712, 0.00045158030520276864, 0.00045659786414946606, 0.0004616154230961635, 0.0004666329820428609, 0.0004716505409895583, 0.00047666809993625575, 0.0004816856588829532, 0.00048670321782965064, 0.0004917207767763481, 0.0004967383357230454, 0.0005017558946697429, 0.0005067734536164404, 0.0005117910125631378, 0.0005168085715098352, 0.0005218261304565326, 0.0005268436894032301, 0.0005318612483499274, 0.0005368788072966249, 0.0005418963662433224, 0.0005469139251900198, 0.0005519314841367172, 0.0005569490430834146, 0.0005619666020301121, 0.0005669841609768094, 0.0005720017199235069, 0.0005770192788702044, 0.0005820368378169018, 0.0005870543967635992, 0.0005920719557102966, 0.0005970895146569941, 0.0006021070736036914, 0.0006071246325503889, 0.0006121421914970864, 0.0006171597504437838, 0.0006221773093904812, 0.0006271948683371786, 0.0006322124272838761, 0.0006372299862305735, 0.0006422475451772709, 0.0006472651041239684, 0.0006522826630706658, 0.0006573002220173632, 0.0006623177809640606, 0.0006673353399107581, 0.0006723528988574555, 0.0006773704578041529, 0.0006823880167508504, 0.0006874055756975478, 0.0006924231346442453, 0.0006974406935909426, 0.0007024582525376401, 0.0007074758114843375, 0.0007124933704310349, 0.0007175109293777324, 0.0007225284883244298, 0.0007275460472711273, 0.0007325636062178246, 0.0007375811651645221, 0.0007425987241112195, 0.0007476162830579169, 0.0007526338420046144, 0.0007576514009513118, 0.0007626689598980093, 0.0007676865188447066, 0.0007727040777914041, 0.0007777216367381015, 0.000782739195684799, 0.0007877567546314964, 0.0007927743135781938, 0.0007977918725248913, 0.0008028094314715886, 0.0008078269904182861, 0.0008128445493649835, 0.000817862108311681, 0.0008228796672583784, 0.0008278972262050758, 0.0008329147851517733, 0.0008379323440984706, 0.0008429499030451681, 0.0008479674619918655, 0.000852985020938563, 0.0008580025798852604, 0.0008630201388319578, 0.0008680376977786553, 0.0008730552567253526, 0.0008780728156720501, 0.0008830903746187475, 0.000888107933565445, 0.0008931254925121424, 0.0008981430514588398, 0.0009031606104055373, 0.0009081781693522346, 0.0009131957282989321, 0.0009182132872456295, 0.000923230846192327, 0.0009282484051390244, 0.0009332659640857218, 0.0009382835230324193, 0.0009433010819791167, 0.0009483186409258141, 0.0009533361998725115, 0.000958353758819209, 0.0009633713177659064, 0.0009683888767126038, 0.0009734064356593013, 0.0009784239946059987, 0.0009834415535526961, 0.0009884591124993936, 0.0009934766714460909, 0.0009984942303927883, 0.0010035117893394858, 0.0010085293482861833, 0.0010135469072328808, 0.001018564466179578, 0.0010235820251262755, 0.001028599584072973, 0.0010336171430196705, 0.001038634701966368, 0.0010436522609130652, 0.0010486698198597627, 0.0010536873788064601, 0.0010587049377531576, 0.0010637224966998549, 0.0010687400556465524, 0.0010737576145932498, 0.0010787751735399473, 0.0010837927324866448, 0.001088810291433342, 0.0010938278503800395, 0.001098845409326737, 0.0011038629682734345, 0.001108880527220132, 0.0011138980861668292, 0.0011189156451135267, 0.0011239332040602242, 0.0011289507630069216, 0.0011339683219536189, 0.0011389858809003164, 0.0011440034398470138, 0.0011490209987937113, 0.0011540385577404088, 0.001159056116687106, 0.0011640736756338035, 0.001169091234580501, 0.0011741087935271985, 0.001179126352473896, 0.0011841439114205932, 0.0011891614703672907, 0.0011941790293139882, 0.0011991965882606856, 0.001204214147207383, 0.0012092317061540804, 0.0012142492651007778, 0.0012192668240474753, 0.0012242843829941728, 0.00122930194194087, 0.0012343195008875675, 0.001239337059834265, 0.0012443546187809625, 0.00124937217772766, 0.0012543897366743572, 0.0012594072956210547, 0.0012644248545677522, 0.0012694424135144496, 0.001274459972461147, 0.0012794775314078444, 0.0012844950903545419, 0.0012895126493012393, 0.0012945302082479368, 0.001299547767194634, 0.0013045653261413315, 0.001309582885088029, 0.0013146004440347265, 0.0013196180029814238, 0.0013246355619281212, 0.0013296531208748187, 0.0013346706798215162, 0.0013396882387682137, 0.001344705797714911, 0.0013497233566616084, 0.0013547409156083059, 0.0013597584745550033, 0.0013647760335017008, 0.001369793592448398, 0.0013748111513950956, 0.001379828710341793, 0.0013848462692884905, 0.0013898638282351878, 0.0013948813871818852, 0.0013998989461285827, 0.0014049165050752802, 0.0014099340640219777, 0.001414951622968675, 0.0014199691819153724, 0.0014249867408620699, 0.0014300042998087673, 0.0014350218587554648, 0.001440039417702162, 0.0014450569766488596, 0.001450074535595557, 0.0014550920945422545, 0.0014601096534889518, 0.0014651272124356492, 0.0014701447713823467, 0.0014751623303290442, 0.0014801798892757417, 0.001485197448222439, 0.0014902150071691364, 0.0014952325661158339, 0.0015002501250625314],