{"N": 3000, "est_N_crit": 3320, "maxChi": 32.265092784539114, "size_list": [2000, 2010, 2020, 2030, 2040, 2050, 2060, 2070, 2080, 2090, 2100, 2110, 2120, 2130, 2140, 2150, 2160, 2170, 2180, 2190, 2200, 2210, 2220, 2230, 2240, 2250, 2260, 2270, 2280, 2290, 2300, 2310, 2320, 2330, 2340, 2350, 2360, 2370, 2380, 2390, 2400, 2410, 2420, 2430, 2440, 2450, 2460, 2470, 2480, 2490, 2500, 2510, 2520, 2530, 2540, 2550, 2560, 2570, 2580, 2590, 2600, 2610, 2620, 2630, 2640, 2650, 2660, 2670, 2680, 2690, 2700, 2710, 2720, 2730, 2740, 2750, 2760, 2770, 2780, 2790, 2800, 2810, 2820, 2830, 2840, 2850, 2860, 2870, 2880, 2890, 2900, 2910, 2920, 2930, 2940, 2950, 2960, 2970, 2980, 2990, 3000, 3010, 3020, 3030, 3040, 3050, 3060, 3070, 3080, 3090, 3100, 3110, 3120, 3130, 3140, 3150, 3160, 3170, 3180, 3190, 3200, 3210, 3220, 3230, 3240, 3250, 3260, 3270, 3280, 3290, 3300, 3310, 3320, 3330, 3340, 3350, 3360, 3370, 3380, 3390, 3400, 3410, 3420, 3430, 3440, 3450, 3460, 3470, 3480, 3490, 3500, 3510, 3520, 3530, 3540, 3550, 3560, 3570, 3580, 3590, 3600, 3610, 3620, 3630, 3640, 3650, 3660, 3670, 3680, 3690, 3700, 3710, 3720, 3730, 3740, 3750, 3760, 3770, 3780, 3790, 3800, 3810, 3820, 3830, 3840, 3850, 3860, 3870, 3880, 3890, 3900, 3910, 3920, 3930, 3940, 3950, 3960, 3970, 3980, 3990], "av_S": [0.0108, 0.010746268656716417, 0.013861386138613863, 0.012660098522167488, 0.01230392156862745, 0.012536585365853661, 0.011213592233009708, 0.010579710144927538, 0.011778846153846154, 0.01033492822966507, 0.014904761904761903, 0.012654028436018958, 0.013113207547169811, 0.011032863849765259, 0.014205607476635513, 0.01241860465116279, 0.014537037037037034, 0.014608294930875575, 0.015596330275229359, 0.015114155251141551, 0.01490909090909091, 0.015565610859728508, 0.01527027027027027, 0.015739910313901345, 0.014776785714285715, 0.015999999999999997, 0.014867256637168142, 0.015418502202643172, 0.020219298245614036, 0.018995633187772927, 0.014869565217391304, 0.014372294372294373, 0.018017241379310347, 0.01703862660944206, 0.01799145299145299, 0.016936170212765958, 0.014788135593220342, 0.017763713080168775, 0.01899159663865546, 0.013598326359832639, 0.020124999999999997, 0.02004149377593361, 0.018553719008264462, 0.02469135802469136, 0.017827868852459013, 0.01722448979591837, 0.01711382113821138, 0.02032388663967611, 0.023024193548387098, 0.01751004016064257, 0.021920000000000002, 0.018087649402390438, 0.017857142857142856, 0.02683794466403162, 0.02047244094488189, 0.03015686274509804, 0.026250000000000002, 0.02704280155642023, 0.030387596899224812, 0.02888030888030888, 0.020153846153846154, 0.025057471264367814, 0.02473282442748092, 0.02011406844106464, 0.031212121212121212, 0.029471698113207545, 0.025187969924812027, 0.030749063670411986, 0.03388059701492537, 0.02903345724907063, 0.030185185185185183, 0.02726937269372694, 0.039411764705882354, 0.03296703296703296, 0.03616788321167883, 0.029309090909090906, 0.034601449275362316, 0.030866425992779785, 0.04032374100719424, 0.03068100358422939, 0.036571428571428574, 0.04053380782918149, 0.02960992907801418, 0.04007067137809187, 0.03943661971830985, 0.04154385964912281, 0.048146853146853144, 0.037630662020905925, 0.04944444444444445, 0.04186851211072665, 0.04089655172413793, 0.05470790378006872, 0.043424657534246576, 0.05651877133105802, 0.041258503401360544, 0.045016949152542375, 0.051891891891891896, 0.05878787878787879, 0.07590604026845638, 0.0602675585284281, 0.0703, 0.08362126245847176, 0.08344370860927153, 0.06320132013201321, 0.06529605263157895, 0.07649180327868851, 0.1018954248366013, 0.07970684039087947, 0.07834415584415585, 0.09598705501618122, 0.09067741935483871, 0.08787781350482315, 0.10865384615384614, 0.0818849840255591, 0.11359872611464969, 0.10415873015873016, 0.10930379746835443, 0.11324921135646689, 0.12418238993710691, 0.12354231974921628, 0.13065625, 0.12887850467289722, 0.13372670807453418, 0.12622291021671825, 0.12256172839506174, 0.14156923076923073, 0.14401840490797546, 0.15012232415902144, 0.1538719512195122, 0.14905775075987843, 0.14284848484848484, 0.14084592145015107, 0.11225903614457833, 0.1801801801801802, 0.1736826347305389, 0.19137313432835823, 0.16767857142857145, 0.21477744807121663, 0.18792899408284025, 0.2493805309734513, 0.24855882352941175, 0.2206744868035191, 0.18675438596491228, 0.20702623906705542, 0.2569186046511628, 0.20617391304347824, 0.21098265895953755, 0.2621613832853026, 0.2645689655172414, 0.2819770773638969, 0.24554285714285715, 0.26515669515669515, 0.2745738636363636, 0.26507082152974504, 0.2892655367231638, 0.3072957746478873, 0.2706460674157304, 0.2968347338935574, 0.2855865921787709, 0.31846796657381615, 0.30819444444444444, 0.2941274238227147, 0.31762430939226516, 0.30096418732782365, 0.313489010989011, 0.32698630136986306, 0.32655737704918036, 0.33569482288828334, 0.3272826086956522, 0.2873170731707317, 0.354972972972973, 0.3539353099730459, 0.3620161290322581, 0.3687131367292225, 0.3730748663101604, 0.386, 0.3830851063829787, 0.3809283819628647, 0.378015873015873, 0.37577836411609494, 0.3868947368421053, 0.39687664041994747, 0.4068586387434555, 0.39234986945169714, 0.39489583333333333, 0.39872727272727276, 0.39805699481865287, 0.4112403100775194, 0.40512886597938147, 0.4170179948586118, 0.4242051282051282, 0.42780051150895143, 0.43714285714285717, 0.41916030534351145, 0.44741116751269033, 0.4294683544303798, 0.43136363636363634, 0.4414861460957179, 0.44701005025125634, 0.44897243107769425],