{"N": 2000, "est_N_crit": 2192, "maxChi": 26.6946132622197, "size_list": [1200, 1216, 1232, 1248, 1264, 1280, 1296, 1312, 1328, 1344, 1360, 1376, 1392, 1408, 1424, 1440, 1456, 1472, 1488, 1504, 1520, 1536, 1552, 1568, 1584, 1600, 1616, 1632, 1648, 1664, 1680, 1696, 1712, 1728, 1744, 1760, 1776, 1792, 1808, 1824, 1840, 1856, 1872, 1888, 1904, 1920, 1936, 1952, 1968, 1984, 2000, 2016, 2032, 2048, 2064, 2080, 2096, 2112, 2128, 2144, 2160, 2176, 2192, 2208, 2224, 2240, 2256, 2272, 2288, 2304, 2320, 2336, 2352, 2368, 2384, 2400, 2416, 2432, 2448, 2464, 2480, 2496, 2512, 2528, 2544, 2560, 2576, 2592, 2608, 2624, 2640, 2656, 2672, 2688, 2704, 2720, 2736, 2752, 2768, 2784], "av_S": [0.013416666666666669, 0.014802631578947368, 0.013717532467532467, 0.016185897435897434, 0.015981012658227847, 0.014765625000000001, 0.014660493827160493, 0.015625000000000003, 0.01566265060240964, 0.015550595238095235, 0.01948529411764706, 0.015261627906976744, 0.021120689655172414, 0.019389204545454543, 0.020365168539325844, 0.020624999999999998, 0.015247252747252745, 0.01875, 0.022647849462365595, 0.019215425531914892, 0.02, 0.019401041666666667, 0.021069587628865977, 0.021109693877551024, 0.024431818181818183, 0.02425, 0.03149752475247525, 0.020588235294117647, 0.030764563106796122, 0.02938701923076923, 0.03101190476190476, 0.03225235849056604, 0.027161214953271028, 0.03929398148148148, 0.03285550458715596, 0.05590909090909091, 0.03648648648648649, 0.04799107142857143, 0.031028761061946897, 0.04358552631578948, 0.03880434782608695, 0.04563577586206896, 0.051175213675213674, 0.05301906779661018, 0.049579831932773114, 0.03520833333333333, 0.06007231404958678, 0.06501024590163934, 0.05955284552845528, 0.08472782258064515, 0.0619, 0.06939484126984127, 0.06870078740157481, 0.095361328125, 0.0996124031007752, 0.09798076923076923, 0.13392175572519086, 0.09308712121212122, 0.1281484962406015, 0.1437966417910448, 0.12476851851851853, 0.1488970588235294, 0.11998175182481752, 0.18867753623188405, 0.1706384892086331, 0.21325892857142853, 0.20523049645390073, 0.239568661971831, 0.19903846153846153, 0.2634548611111111, 0.24155172413793108, 0.2735445205479452, 0.25943877551020406, 0.24037162162162162, 0.24345637583892618, 0.3044583333333334, 0.3493791390728477, 0.3282894736842106, 0.31875, 0.3422483766233766, 0.3629435483870968, 0.338261217948718, 0.3634554140127388, 0.38603639240506327, 0.3825078616352201, 0.4037109375, 0.40725931677018634, 0.4138503086419753, 0.44850460122699387, 0.40964176829268284, 0.41700757575757574, 0.44525602409638554, 0.45460329341317357, 0.46060267857142856, 0.46431213017751477, 0.4904044117647059, 0.49298245614035086, 0.5030523255813952, 0.496242774566474, 0.5019755747126438], "av_chi": [3.171128027464664, 3.2141983939886094, 3.3338607003681915, 3.51137541638265, 3.36934421759875, 3.8112899492060235, 3.8650094252949314, 3.7376241707236177, 3.8921918642278177, 3.8123134955519595, 4.3848522985494025, 4.161436481165451, 4.249367096751957, 4.288148054041448, 4.718496697349744, 4.792764238501826, 4.70787251352198, 4.66155401673227, 5.371946706664093, 5.1299999075291485, 5.809918142961413, 5.778890248540937, 6.002444217729662, 5.71796830575477, 6.090386484240086, 5.850743730287683, 6.549845427607846, 5.934772413265046, 6.636654922132124, 7.511082700705435, 6.678655450836919, 7.962837437081357, 8.082476759738928, 8.57256165825071, 8.364447668458768, 8.630883913657337, 9.809731634586118, 8.266896190580127, 9.275441186571873, 10.847504559891604, 9.492565864478829, 10.492572410305364, 9.880000740390567, 11.640366799106483, 14.010954759285923, 12.702177615947729, 11.82660742320099, 13.78143648650825, 15.537743225553001, 13.819336475585455, 13.485019421397954, 14.034037258337705, 18.4052897658055, 14.14356470812504, 23.306085745203468, 19.359836313924685, 18.84119036681137, 17.128938386517095, 14.846254592069297, 21.498797011923653, 20.525073233993957, 21.2429533681174, 26.6946132622197, 18.378419423249795, 19.875965978945082, 17.418851021249854, 25.481458861983366, 21.80954929479389, 18.093810790361722, 15.883715527600497, 16.48503573482715, 12.036640202610334, 21.88405135712314, 20.03471496890202, 21.051379321634624, 12.553742237782433, 8.10482278062597, 10.327458882080778, 10.3081560400602, 8.006096846993898, 8.286363521960592, 9.530063990182045, 9.609401974572258, 6.586213125527178, 9.37425359952031, 6.808267400611548, 6.201147684631102, 6.234093844738402, 5.364019603021542, 6.77766921623955, 7.7970317638001045, 5.291182604954814, 5.971042862965399, 5.468627601588304, 5.85208132345378, 4.685338396704851, 4.859900457145078, 5.0985722255263175, 5.396466934948088, 4.402720084823644]}