{"N": 1000, "est_p_crit": 0.0011916364525060177, "maxChi": 16.622738998910418, "p_list": [1.0010010010009715e-06, 7.689964211703313e-06, 1.4378927422405654e-05, 2.1067890633107995e-05, 2.7756853843810336e-05, 3.444581705451268e-05, 4.113478026521502e-05, 4.782374347591736e-05, 5.45127066866197e-05, 6.120166989732203e-05, 6.789063310802438e-05, 7.457959631872673e-05, 8.126855952942906e-05, 8.79575227401314e-05, 9.464648595083375e-05, 0.0001013354491615361, 0.00010802441237223843, 0.00011471337558294076, 0.00012140233879364311, 0.00012809130200434546, 0.0001347802652150478, 0.00014146922842575013, 0.0001481581916364525, 0.00015484715484715482, 0.00016153611805785716, 0.0001682250812685595, 0.00017491404447926183, 0.0001816030076899642, 0.00018829197090066652, 0.00019498093411136886, 0.00020166989732207122, 0.00020835886053277355, 0.00021504782374347589, 0.00022173678695417822, 0.00022842575016488055, 0.00023511471337558292, 0.00024180367658628525, 0.0002484926397969876, 0.00025518160300768995, 0.00026187056621839225, 0.0002685595294290946, 0.000275248492639797, 0.0002819374558504993, 0.00028862641906120164, 0.000295315382271904, 0.0003020043454826063, 0.0003086933086933087, 0.000315382271904011, 0.00032207123511471334, 0.0003287601983254157, 0.000335449161536118, 0.0003421381247468204, 0.0003488270879575227, 0.00035551605116822504, 0.0003622050143789274, 0.0003688939775896297, 0.00037558294080033207, 0.00038227190401103443, 0.00038896086722173674, 0.0003956498304324391, 0.00040233879364314146, 0.00040902775685384377, 0.00041571672006454613, 0.00042240568327524844, 0.0004290946464859508, 0.00043578360969665316, 0.00044247257290735547, 0.00044916153611805783, 0.00045585049932876014, 0.0004625394625394625, 0.00046922842575016486, 0.00047591738896086717, 0.00048260635217156953, 0.0004892953153822719, 0.0004959842785929742, 0.0005026732418036765, 0.0005093622050143789, 0.0005160511682250812, 0.0005227401314357835, 0.000529429094646486, 0.0005361180578571883, 0.0005428070210678906, 0.000549495984278593, 0.0005561849474892953, 0.0005628739106999976, 0.0005695628739107, 0.0005762518371214023, 0.0005829408003321046, 0.000589629763542807, 0.0005963187267535093, 0.0006030076899642117, 0.000609696653174914, 0.0006163856163856164, 0.0006230745795963187, 0.000629763542807021, 0.0006364525060177234, 0.0006431414692284257, 0.000649830432439128, 0.0006565193956498304, 0.0006632083588605327, 0.000669897322071235, 0.0006765862852819375, 0.0006832752484926398, 0.0006899642117033421, 0.0006966531749140444, 0.0007033421381247468, 0.0007100311013354491, 0.0007167200645461514, 0.0007234090277568538, 0.0007300979909675561, 0.0007367869541782584, 0.0007434759173889609, 0.0007501648805996632, 0.0007568538438103655, 0.0007635428070210679, 0.0007702317702317702, 0.0007769207334424725, 0.0007836096966531749, 0.0007902986598638772, 0.0007969876230745795, 0.000803676586285282, 0.0008103655494959843, 0.0008170545127066866, 0.0008237434759173889, 0.0008304324391280913, 0.0008371214023387936, 0.0008438103655494959, 0.0008504993287601983, 0.0008571882919709006, 0.0008638772551816029, 0.0008705662183923054, 0.0008772551816030077, 0.00088394414481371, 0.0008906331080244124, 0.0008973220712351147, 0.000904011034445817, 0.0009106999976565193, 0.0009173889608672217, 0.000924077924077924, 0.0009307668872886263, 0.0009374558504993287, 0.0009441448137100311, 0.0009508337769207334, 0.0009575227401314358, 0.0009642117033421381, 0.0009709006665528404, 0.0009775896297635428, 0.0009842785929742451, 0.0009909675561849474, 0.0009976565193956497, 0.001004345482606352, 0.0010110344458170546, 0.0010177234090277569, 0.0010244123722384592, 0.0010311013354491615, 0.0010377902986598638, 0.001044479261870566, 0.0010511682250812686, 0.001057857188291971, 0.0010645461515026732, 0.0010712351147133755, 0.0010779240779240779, 0.0010846130411347802, 0.0010913020043454825, 0.001097990967556185, 0.0011046799307668873, 0.0011113688939775896, 0.001118057857188292, 0.0011247468203989942, 0.0011314357836096965, 0.001138124746820399, 0.0011448137100311014, 0.0011515026732418037, 0.001158191636452506, 0.0011648805996632083, 0.0011715695628739106, 0.0011782585260846131, 0.0011849474892953154, 0.0011916364525060177, 0.00119832541571672, 0.0012050143789274223, 0.0012117033421381246, 0.001218392305348827, 0.0012250812685595295, 0.0012317702317702318, 0.001238459194980934, 0.0012451481581916364, 0.0012518371214023387, 0.001258526084613041, 0.0012652150478237435, 0.0012719040110344458, 0.0012785929742451482, 0.0012852819374558505, 0.0012919709006665528, 0.001298659863877255, 0.0013053488270879574, 0.00131203779029866, 0.0013187267535093622, 0.0013254157167200645, 0.0013321046799307668, 0.0013387936431414691, 0.0013454826063521714, 0.001352171569562874, 0.0013588605327735763, 0.0013655494959842786, 0.0013722384591949809, 0.0013789274224056832, 0.0013856163856163855, 0.0013923053488270878, 0.0013989943120377903, 0.0014056832752484926, 0.001412372238459195, 0.0014190612016698973, 0.0014257501648805996, 0.0014324391280913019, 0.0014391280913020044, 0.0014458170545127067, 0.001452506017723409, 0.0014591949809341113, 0.0014658839441448136, 0.001472572907355516, 0.0014792618705662185, 0.0014859508337769208, 0.001492639796987623, 0.0014993287601983254, 0.0015060177234090277, 0.00151270668661973, 0.0015193956498304323, 0.0015260846130411348, 0.0015327735762518371, 0.0015394625394625394, 0.0015461515026732417, 0.001552840465883944, 0.0015595294290946464, 0.0015662183923053489, 0.0015729073555160512, 0.0015795963187267535, 0.0015862852819374558, 0.001592974245148158, 0.0015996632083588604, 0.001606352171569563, 0.0016130411347802652, 0.0016197300979909676, 0.0016264190612016699, 0.0016331080244123722, 0.0016397969876230745, 0.0016464859508337768, 0.0016531749140444793, 0.0016598638772551816, 0.001666552840465884, 0.0016732418036765862, 0.0016799307668872885, 0.0016866197300979908, 0.0016933086933086934, 0.0016999976565193957, 0.001706686619730098, 0.0017133755829408003, 0.0017200645461515026, 0.001726753509362205, 0.0017334424725729072, 0.0017401314357836097, 0.001746820398994312, 0.0017535093622050143, 0.0017601983254157167, 0.001766887288626419, 0.0017735762518371213, 0.0017802652150478238, 0.001786954178258526, 0.0017936431414692284, 0.0018003321046799307, 0.001807021067890633, 0.0018137100311013353, 0.0018203989943120376, 0.0018270879575227402, 0.0018337769207334425, 0.0018404658839441448, 0.001847154847154847, 0.0018538438103655494, 0.0018605327735762517, 0.0018672217367869542, 0.0018739106999976565, 0.0018805996632083588, 0.0018872886264190611, 0.0018939775896297634, 0.0019006665528404658, 0.0019073555160511683, 0.0019140444792618706, 0.001920733442472573, 0.0019274224056832752, 0.0019341113688939775, 0.0019408003321046798, 0.0019474892953153821, 0.0019541782585260846, 0.0019608672217367867, 0.0019675561849474893, 0.001974245148158192, 0.001980934111368894, 0.0019876230745795964, 0.0019943120377902985, 0.002001001001001001],