{"N": 1500, "est_N_crit": 1630, "maxChi": 21.361060732521786, "size_list": [1000, 1010, 1020, 1030, 1040, 1050, 1060, 1070, 1080, 1090, 1100, 1110, 1120, 1130, 1140, 1150, 1160, 1170, 1180, 1190, 1200, 1210, 1220, 1230, 1240, 1250, 1260, 1270, 1280, 1290, 1300, 1310, 1320, 1330, 1340, 1350, 1360, 1370, 1380, 1390, 1400, 1410, 1420, 1430, 1440, 1450, 1460, 1470, 1480, 1490, 1500, 1510, 1520, 1530, 1540, 1550, 1560, 1570, 1580, 1590, 1600, 1610, 1620, 1630, 1640, 1650, 1660, 1670, 1680, 1690, 1700, 1710, 1720, 1730, 1740, 1750, 1760, 1770, 1780, 1790, 1800, 1810, 1820, 1830, 1840, 1850, 1860, 1870, 1880, 1890, 1900, 1910, 1920, 1930, 1940, 1950, 1960, 1970, 1980, 1990], "av_S": [0.0187, 0.017425742574257427, 0.019215686274509803, 0.02271844660194175, 0.025096153846153844, 0.024476190476190474, 0.02207547169811321, 0.022336448598130842, 0.023703703703703706, 0.027064220183486244, 0.020181818181818183, 0.024954954954954957, 0.023482142857142858, 0.026371681415929205, 0.02429824561403509, 0.021652173913043478, 0.02775862068965517, 0.03495726495726496, 0.03483050847457627, 0.02638655462184874, 0.031000000000000007, 0.027024793388429752, 0.0310655737704918, 0.03325203252032521, 0.026129032258064518, 0.033839999999999995, 0.027539682539682538, 0.03377952755905512, 0.03734375, 0.0424031007751938, 0.03807692307692308, 0.0384732824427481, 0.03553030303030302, 0.04969924812030076, 0.042985074626865676, 0.049111111111111105, 0.036029411764705886, 0.03970802919708029, 0.06101449275362318, 0.04266187050359712, 0.06849999999999999, 0.05808510638297872, 0.049859154929577466, 0.05622377622377622, 0.048888888888888885, 0.052137931034482755, 0.07876712328767124, 0.0689795918367347, 0.07810810810810812, 0.10234899328859062, 0.08433333333333333, 0.09847682119205298, 0.07203947368421053, 0.09509803921568627, 0.11376623376623377, 0.11464516129032258, 0.09570512820512819, 0.15140127388535035, 0.09481012658227848, 0.11169811320754716, 0.1149375, 0.10968944099378881, 0.1654320987654321, 0.16220858895705523, 0.15420731707317073, 0.1886060606060606, 0.18993975903614457, 0.19874251497005985, 0.19250000000000003, 0.20041420118343195, 0.2195294117647059, 0.21005847953216375, 0.2108720930232558, 0.19057803468208093, 0.2705747126436782, 0.2877714285714285, 0.2697159090909091, 0.27898305084745767, 0.29842696629213483, 0.3129050279329609, 0.2995, 0.34828729281767956, 0.3496153846153846, 0.26480874316939895, 0.3619565217391304, 0.35232432432432426, 0.3803225806451613, 0.33754010695187164, 0.376436170212766, 0.35888888888888887, 0.3519473684210526, 0.4150261780104712, 0.39645833333333336, 0.39347150259067354, 0.38108247422680414, 0.40887179487179487, 0.45872448979591834, 0.41685279187817253, 0.436010101010101, 0.4586934673366835], "av_chi": [3.857514325932847, 3.779493749661678, 4.188604342117895, 4.204770954560303, 4.170012872094025, 4.277566078535744, 4.4943103631240024, 4.603835044384632, 4.4182546462878785, 4.5782321185722585, 4.69911137850651, 5.280596325198259, 5.012369703080233, 4.686747041845731, 5.0537169605656045, 4.942431748801662, 5.12751321059862, 5.657847789856514, 5.389096498220451, 5.887028306789479, 6.533174282482916, 6.687902561928292, 6.4417646737178105, 5.696968406879473, 6.24373124660479, 6.146846034391167, 6.836954634250587, 7.368351967937218, 7.725217910305048, 7.161936820949746, 8.807126144978882, 7.572311388709229, 8.051275798810469, 10.243649534027506, 8.079636405715734, 8.671144371975403, 8.509447918933294, 9.356879001260177, 8.71687622662259, 9.032507549590013, 11.287115620993251, 9.541348406822916, 11.079360857225774, 11.027488901843572, 9.772221074080397, 12.208111411199381, 10.834236915778195, 11.665868414615938, 12.4381669892641, 9.623223727769638, 12.994760693915376, 15.312765557793096, 17.96416995381957, 16.4860823831337, 15.840162785708477, 13.254010168993805, 19.82824683358482, 12.6388836110001, 18.819467099390756, 18.08686925940902, 17.454560588060467, 17.78604986390066, 15.40861487455489, 21.361060732521786, 17.303662258252764, 13.659486209114487, 19.787867723014013, 17.336158538022342, 16.215732517886984, 19.610882612373445, 14.745156728145645, 19.292802188269594, 18.238153902319063, 20.81265186209577, 12.595968286202726, 12.080552298136627, 12.969480629350778, 17.717481709760982, 12.839119503296269, 9.058223462500631, 11.90688175774401, 8.75103964987876, 8.945729638423712, 17.105577818104642, 7.719230096064138, 9.136693959853716, 7.718230558262826, 10.991374158845492, 9.575285334071488, 9.471311449968974, 20.356792788631466, 6.507257040737899, 16.6449481403103, 7.5911407519026195, 14.47098850227859, 7.089599699844674, 5.053069322311166, 6.6355166040946, 5.718614647722379, 4.925575010086211]}