{"N": 1500, "est_N_crit": 1708, "maxChi": 23.245664416088154, "size_list": [700, 708, 716, 724, 732, 740, 748, 756, 764, 772, 780, 788, 796, 804, 812, 820, 828, 836, 844, 852, 860, 868, 876, 884, 892, 900, 908, 916, 924, 932, 940, 948, 956, 964, 972, 980, 988, 996, 1004, 1012, 1020, 1028, 1036, 1044, 1052, 1060, 1068, 1076, 1084, 1092, 1100, 1108, 1116, 1124, 1132, 1140, 1148, 1156, 1164, 1172, 1180, 1188, 1196, 1204, 1212, 1220, 1228, 1236, 1244, 1252, 1260, 1268, 1276, 1284, 1292, 1300, 1308, 1316, 1324, 1332, 1340, 1348, 1356, 1364, 1372, 1380, 1388, 1396, 1404, 1412, 1420, 1428, 1436, 1444, 1452, 1460, 1468, 1476, 1484, 1492, 1500, 1508, 1516, 1524, 1532, 1540, 1548, 1556, 1564, 1572, 1580, 1588, 1596, 1604, 1612, 1620, 1628, 1636, 1644, 1652, 1660, 1668, 1676, 1684, 1692, 1700, 1708, 1716, 1724, 1732, 1740, 1748, 1756, 1764, 1772, 1780, 1788, 1796, 1804, 1812, 1820, 1828, 1836, 1844, 1852, 1860, 1868, 1876, 1884, 1892, 1900, 1908, 1916, 1924, 1932, 1940, 1948, 1956, 1964, 1972, 1980, 1988, 1996, 2004, 2012, 2020, 2028, 2036, 2044, 2052, 2060, 2068, 2076, 2084, 2092, 2100, 2108, 2116, 2124, 2132, 2140, 2148, 2156, 2164, 2172, 2180, 2188, 2196, 2204, 2212, 2220, 2228, 2236, 2244, 2252, 2260, 2268, 2276, 2284, 2292], "av_S": [0.013714285714285712, 0.014312617702448212, 0.014059590316573558, 0.013996316758747697, 0.013752276867030967, 0.013963963963963965, 0.016577540106951873, 0.012874779541446208, 0.015095986038394417, 0.013816925734024179, 0.015042735042735041, 0.014213197969543146, 0.0169179229480737, 0.014925373134328356, 0.016091954022988506, 0.014715447154471546, 0.015458937198067632, 0.016108452950558214, 0.012480252764612955, 0.014632237871674492, 0.01689922480620155, 0.018817204301075266, 0.01598173515981735, 0.015158371040723984, 0.018385650224215244, 0.018074074074074076, 0.01960352422907489, 0.016229985443959243, 0.018037518037518036, 0.018884120171673825, 0.019503546099290777, 0.017932489451476796, 0.020292887029288702, 0.017980636237897644, 0.021262002743484224, 0.018775510204081632, 0.018218623481781375, 0.021017402945113787, 0.017729083665338645, 0.01831357048748353, 0.017516339869281042, 0.02367055771725032, 0.01917631917631918, 0.020434227330779053, 0.020342205323193915, 0.020062893081761006, 0.020848938826466917, 0.021189591078066915, 0.02140221402214022, 0.024725274725274728, 0.018969696969696973, 0.0226835138387485, 0.024492234169653525, 0.02402135231316726, 0.02249705535924617, 0.024327485380116958, 0.027642276422764227, 0.02416378316032295, 0.02663230240549828, 0.030034129692832767, 0.02853107344632769, 0.02934904601571268, 0.039520624303233005, 0.028682170542635655, 0.0308030803080308, 0.02683060109289618, 0.028230184581976115, 0.03921251348435815, 0.03354769560557343, 0.04068157614483493, 0.030000000000000002, 0.03617245005257624, 0.03239289446185998, 0.038785046728971956, 0.03668730650154798, 0.03061538461538462, 0.03944954128440367, 0.03302938196555218, 0.03167170191339375, 0.039989989989989996, 0.044676616915422886, 0.03778437190900099, 0.04709931170108161, 0.04711632453567936, 0.04246841593780369, 0.03985507246376811, 0.07382324687800193, 0.04436485195797516, 0.04743589743589744, 0.05599622285174693, 0.05000000000000001, 0.0650326797385621, 0.07024141132776231, 0.07400738688827331, 0.06276400367309458, 0.07073059360730594, 0.05372388737511354, 0.05420054200542005, 0.07237196765498653, 0.06979445933869526, 0.07999999999999999, 0.08293545534924845, 0.10633245382585751, 0.0899825021872266, 0.13072236727589212, 0.11601731601731599, 0.09552110249784668, 0.12964867180805487, 0.10537084398976983, 0.11399491094147582, 0.13172995780590718, 0.09458438287153653, 0.11837928153717628, 0.135453034081463, 0.12977667493796524, 0.12637860082304528, 0.1569205569205569, 0.13190709046454768, 0.17558799675587994, 0.1774818401937046, 0.18180722891566262, 0.18645083932853715, 0.1799920445505171, 0.17676167854315122, 0.19342001576044127, 0.21749019607843134, 0.14043715846994537, 0.20959595959595959, 0.21125290023201854, 0.2407621247113164, 0.19394636015325675, 0.24519450800915335, 0.24658314350797267, 0.2815192743764173, 0.27057938299473283, 0.2700374531835206, 0.288441461595824, 0.2726429101707498, 0.3245011086474501, 0.31758646063281826, 0.29523809523809524, 0.29970824215900804, 0.30795206971677563, 0.34107013738250186, 0.32843772498200147, 0.3645878136200717, 0.37080656673804424, 0.33233830845771145, 0.36776362349610753, 0.346723044397463, 0.37915789473684214, 0.38441649196366173, 0.3927974947807933, 0.3943866943866944, 0.3749137336093858, 0.410446735395189, 0.4165297741273101, 0.4103271983640082, 0.4449762389680923, 0.43296146044624745, 0.4334680134680135, 0.43397048960429235, 0.44158316633266537, 0.4539254823685962, 0.4356527501656726, 0.44531353135313534, 0.4808349769888231, 0.4715782580222659, 0.45466405740378335, 0.487491877842755, 0.4900647249190939, 0.5114764667956156, 0.4914900449582531, 0.5015674984005118, 0.5061504142766093, 0.510095238095238, 0.5088551549652119, 0.5361058601134215, 0.5104519774011299, 0.5223577235772358, 0.5242367601246106, 0.5419615145872129, 0.5440321583178725, 0.5411583487369069, 0.5404235727440146, 0.5524159021406727, 0.5497257769652651, 0.5622647237401336, 0.5616757410768299, 0.5687462326702833, 0.5887687687687688, 0.5971274685816875, 0.5648479427549195, 0.5773915626856803, 0.5854055654233274, 0.5879056047197639, 0.5910934744268077, 0.5872583479789103, 0.5935201401050788, 0.5984002326934265],